사용월,호선명,역ID,지하철역,유임승차,유임하차,무임승차,무임하차,작업일시
2023-06,1호선,0150,서울역,"1,355,284","1,285,303","211,835","201,772",2023-07-03 08:56:50
2023-06,1호선,0151,시청,"643,718","653,701","95,097","93,981",2023-07-03 08:56:50
2023-06,1호선,0152,종각,"939,341","932,306","144,553","136,786",2023-07-03 08:56:50
2023-06,1호선,0153,종로3가,"483,658","434,093","304,455","282,796",2023-07-03 08:56:50
2023-06,1호선,0154,종로5가,"468,448","468,041","261,653","251,271",2023-07-03 08:56:50
2023-06,1호선,0155,동대문,"224,118","214,290","126,694","126,827",2023-07-03 08:56:50
2023-06,1호선,0156,신설동,"287,698","276,137","119,031","115,041",2023-07-03 08:56:50
2023-06,1호선,0157,제기동,"231,277","219,395","275,258","295,752",2023-07-03 08:56:50
2023-06,1호선,0158,청량리(서울시립대입구),"345,435","338,983","261,650","265,212",2023-07-03 08:56:50
2023-06,1호선,0159,동묘앞,"143,230","148,422","156,934","157,665",2023-07-03 08:56:50
2023-06,2호선,0201,시청,"659,576","632,170","59,548","54,214",2023-07-03 08:56:50
2023-06,2호선,0202,을지로입구,"1,238,072","1,281,501","102,362","95,816",2023-07-03 08:56:50
2023-06,2호선,0203,을지로3가,"616,126","612,805","75,842","73,391",2023-07-03 08:56:50
2023-06,2호선,0204,을지로4가,"317,767","325,578","81,326","79,822",2023-07-03 08:56:50
2023-06,2호선,0205,동대문역사문화공원(DDP),"366,275","425,225","58,664","63,011",2023-07-03 08:56:50
2023-06,2호선,0206,신당,"335,723","353,521","95,285","97,440",2023-07-03 08:56:50
2023-06,2호선,0207,상왕십리,"350,339","333,519","67,740","68,582",2023-07-03 08:56:50
2023-06,2호선,0208,왕십리(성동구청),"410,633","360,171","52,833","46,800",2023-07-03 08:56:50
2023-06,2호선,0209,한양대,"305,324","337,457","13,874","14,861",2023-07-03 08:56:50
2023-06,2호선,0210,뚝섬,"619,328","656,344","62,607","62,501",2023-07-03 08:56:50
2023-06,2호선,0211,성수,"998,837","1,116,691","98,780","100,544",2023-07-03 08:56:50
2023-06,2호선,0212,건대입구,"993,212","1,062,510","94,488","98,436",2023-07-03 08:56:50
2023-06,2호선,0213,구의(광진구청),"588,174","566,973","105,836","106,636",2023-07-03 08:56:50
2023-06,2호선,0214,강변(동서울터미널),"810,925","769,275","123,619","119,505",2023-07-03 08:56:50
2023-06,2호선,0215,잠실나루,"340,672","328,163","90,236","89,991",2023-07-03 08:56:50
2023-06,2호선,0216,잠실(송파구청),"2,011,091","1,994,423","213,227","202,257",2023-07-03 08:56:50
2023-06,2호선,0217,잠실새내,"569,815","571,318","114,410","113,165",2023-07-03 08:56:50
2023-06,2호선,0218,종합운동장,"468,960","545,940","55,664","59,107",2023-07-03 08:56:50
2023-06,2호선,0219,삼성(무역센터),"1,476,671","1,490,899","120,364","112,574",2023-07-03 08:56:50
2023-06,2호선,0220,선릉,"1,320,905","1,164,994","223,864","196,272",2023-07-03 08:56:50
2023-06,2호선,0221,역삼,"1,222,972","1,405,235","144,973","148,302",2023-07-03 08:56:50
2023-06,2호선,0222,강남,"2,123,826","2,064,342","156,377","136,556",2023-07-03 08:56:50
2023-06,2호선,0223,교대(법원.검찰청),"717,012","862,373","149,235","177,718",2023-07-03 08:56:50
2023-06,2호선,0224,서초,"543,608","514,568","87,628","86,521",2023-07-03 08:56:50
2023-06,2호선,0225,방배,"416,533","432,976","77,984","76,873",2023-07-03 08:56:50
2023-06,2호선,0226,사당,"957,936","1,083,306","214,674","206,171",2023-07-03 08:56:50
2023-06,2호선,0227,낙성대(강감찬),"701,470","667,477","107,252","108,861",2023-07-03 08:56:50
2023-06,2호선,0228,서울대입구(관악구청),"1,182,884","1,157,497","182,288","172,812",2023-07-03 08:56:50
2023-06,2호선,0229,봉천,"550,307","497,188","151,032","149,594",2023-07-03 08:56:50
2023-06,2호선,0230,신림,"1,451,823","1,395,307","203,260","200,698",2023-07-03 08:56:50
2023-06,2호선,0231,신대방,"622,912","590,461","132,795","133,731",2023-07-03 08:56:50
2023-06,2호선,0232,구로디지털단지,"1,461,510","1,438,930","184,022","185,341",2023-07-03 08:56:50
2023-06,2호선,0233,대림(구로구청),"585,810","597,329","132,557","135,989",2023-07-03 08:56:50
2023-06,2호선,0234,신도림,"1,236,345","1,218,069","220,258","205,019",2023-07-03 08:56:50
2023-06,2호선,0235,문래,"525,280","549,325","88,043","87,210",2023-07-03 08:56:50
2023-06,2호선,0236,영등포구청,"509,058","526,019","101,510","100,847",2023-07-03 08:56:50
2023-06,2호선,0237,당산,"477,487","554,118","60,936","66,955",2023-07-03 08:56:50
2023-06,2호선,0238,합정,"894,498","983,766","71,063","71,827",2023-07-03 08:56:50
2023-06,2호선,0239,홍대입구,"1,926,011","2,092,841","100,030","97,073",2023-07-03 08:56:50
2023-06,2호선,0240,신촌,"1,013,083","1,013,267","123,481","117,442",2023-07-03 08:56:50
2023-06,2호선,0241,이대,"424,389","458,356","48,597","51,092",2023-07-03 08:56:50
2023-06,2호선,0242,아현,"253,966","232,065","66,187","64,833",2023-07-03 08:56:50
2023-06,2호선,0243,충정로(경기대입구),"236,369","250,842","48,575","48,678",2023-07-03 08:56:50
2023-06,2호선,0244,용답,"67,446","66,485","17,790","17,497",2023-07-03 08:56:50
2023-06,2호선,0245,신답,"37,983","42,147","9,988","10,599",2023-07-03 08:56:50
2023-06,2호선,0246,신설동,"79,126","74,525","32,048","33,584",2023-07-03 08:56:50
2023-06,2호선,0247,도림천,"27,311","28,515","8,123","9,028",2023-07-03 08:56:50
2023-06,2호선,0248,양천구청,"149,574","156,407","52,030","53,187",2023-07-03 08:56:50
2023-06,2호선,0249,신정네거리,"224,296","231,437","75,612","77,374",2023-07-03 08:56:50
2023-06,2호선,0250,용두(동대문구청),"46,799","45,188","23,765","24,749",2023-07-03 08:56:50
2023-06,3호선,0309,지축,"157,753","155,751","33,893","32,854",2023-07-03 08:56:50
2023-06,3호선,0310,구파발,"503,568","493,438","128,381","123,534",2023-07-03 08:56:50
2023-06,3호선,0311,연신내,"763,731","716,899","260,659","252,082",2023-07-03 08:56:50
2023-06,3호선,0312,불광,"341,723","366,766","141,929","157,750",2023-07-03 08:56:50
2023-06,3호선,0313,녹번,"376,715","329,982","80,298","78,778",2023-07-03 08:56:50
2023-06,3호선,0314,홍제,"384,972","355,404","145,622","143,352",2023-07-03 08:56:50
2023-06,3호선,0315,무악재,"94,346","89,569","32,259","34,454",2023-07-03 08:56:50
2023-06,3호선,0316,독립문,"150,164","158,492","71,413","72,439",2023-07-03 08:56:50
2023-06,3호선,0317,경복궁(정부서울청사),"629,362","642,365","95,778","94,838",2023-07-03 08:56:50
2023-06,3호선,0318,안국,"641,812","668,447","103,140","107,309",2023-07-03 08:56:50
2023-06,3호선,0319,종로3가,"238,198","292,817","63,883","72,149",2023-07-03 08:56:50
2023-06,3호선,0320,을지로3가,"276,621","288,375","49,756","47,796",2023-07-03 08:56:50
2023-06,3호선,0321,충무로,55,0,1,0,2023-07-03 08:56:50
2023-06,3호선,0322,동대입구,"253,685","279,651","42,433","46,447",2023-07-03 08:56:50
2023-06,3호선,0323,약수,"299,225","291,603","86,673","80,883",2023-07-03 08:56:50
2023-06,3호선,0324,금호,"180,270","161,529","56,377","55,458",2023-07-03 08:56:50
2023-06,3호선,0325,옥수,"203,202","207,793","62,537","62,126",2023-07-03 08:56:50
2023-06,3호선,0326,압구정,"795,786","868,583","138,923","137,021",2023-07-03 08:56:50
2023-06,3호선,0327,신사,"740,716","780,787","69,080","67,248",2023-07-03 08:56:50
2023-06,3호선,0328,잠원,"114,505","107,656","31,490","29,876",2023-07-03 08:56:50
2023-06,3호선,0329,고속터미널,"1,259,097","1,191,316","212,623","200,272",2023-07-03 08:56:50
2023-06,3호선,0330,교대(법원.검찰청),"384,667","227,593","82,879","45,949",2023-07-03 08:56:50
2023-06,3호선,0331,남부터미널(예술의전당),"719,926","731,584","125,846","127,506",2023-07-03 08:56:50
2023-06,3호선,0332,양재(서초구청),"882,023","979,757","153,221","153,281",2023-07-03 08:56:50
2023-06,3호선,0333,매봉,"277,848","270,628","68,583","63,923",2023-07-03 08:56:50
2023-06,3호선,0334,도곡,"125,407","126,430","24,968","23,298",2023-07-03 08:56:50
2023-06,3호선,0335,대치,"276,223","271,861","70,964","68,351",2023-07-03 08:56:50
2023-06,3호선,0336,학여울,"51,983","53,562","16,513","16,415",2023-07-03 08:56:50
2023-06,3호선,0337,대청,"238,847","223,273","62,671","60,420",2023-07-03 08:56:50
2023-06,3호선,0338,일원,"239,927","228,362","71,744","71,340",2023-07-03 08:56:50
2023-06,3호선,0339,수서,"422,296","431,644","117,843","115,259",2023-07-03 08:56:50
2023-06,3호선,0340,가락시장,"179,765","175,291","80,353","78,204",2023-07-03 08:56:50
2023-06,3호선,0341,경찰병원,"164,828","163,580","43,675","44,799",2023-07-03 08:56:50
2023-06,3호선,0342,오금,"154,466","138,832","32,358","31,351",2023-07-03 08:56:50
2023-06,4호선,0409,당고개,"201,335","170,945","76,729","76,244",2023-07-03 08:56:50
2023-06,4호선,0410,상계,"436,216","397,276","128,896","125,257",2023-07-03 08:56:50
2023-06,4호선,0411,노원,"458,537","537,189","97,165","99,993",2023-07-03 08:56:50
2023-06,4호선,0412,창동,"529,047","560,694","214,565","221,147",2023-07-03 08:56:50
2023-06,4호선,0413,쌍문,"669,764","605,248","173,240","171,410",2023-07-03 08:56:50
2023-06,4호선,0414,수유(강북구청),"801,416","801,003","199,069","199,891",2023-07-03 08:56:50
2023-06,4호선,0415,미아(서울사이버대학),"329,299","309,191","115,178","117,444",2023-07-03 08:56:50
2023-06,4호선,0416,미아사거리,"598,050","580,980","188,161","187,715",2023-07-03 08:56:50
2023-06,4호선,0417,길음,"502,204","492,884","123,389","123,752",2023-07-03 08:56:50
2023-06,4호선,0418,성신여대입구(돈암),"535,560","512,058","90,183","87,146",2023-07-03 08:56:50
2023-06,4호선,0419,한성대입구(삼선교),"339,960","327,130","76,970","75,288",2023-07-03 08:56:50
2023-06,4호선,0420,혜화,"896,846","917,111","136,275","134,560",2023-07-03 08:56:50
2023-06,4호선,0421,동대문,"430,712","447,539","162,591","157,899",2023-07-03 08:56:50
2023-06,4호선,0422,동대문역사문화공원(DDP),"480,379","419,949","63,934","57,040",2023-07-03 08:56:50
2023-06,4호선,0423,충무로,"716,163","745,367","119,443","121,294",2023-07-03 08:56:50
2023-06,4호선,0424,명동,"861,926","930,481","76,322","78,481",2023-07-03 08:56:50
2023-06,4호선,0425,회현(남대문시장),"570,529","603,967","211,592","210,929",2023-07-03 08:56:50
2023-06,4호선,0426,서울역,"311,479","561,617","41,224","54,716",2023-07-03 08:56:50
2023-06,4호선,0427,숙대입구(갈월),"373,258","358,847","56,802","52,746",2023-07-03 08:56:50
2023-06,4호선,0428,삼각지,"151,649","178,304","26,053","27,419",2023-07-03 08:56:50
2023-06,4호선,0429,신용산,"494,643","536,280","56,627","56,804",2023-07-03 08:56:50
2023-06,4호선,0430,이촌(국립중앙박물관),"237,312","262,224","55,323","57,217",2023-07-03 08:56:50
2023-06,4호선,0431,동작(현충원),"34,710","38,373","20,686","19,582",2023-07-03 08:56:50
2023-06,4호선,0432,총신대입구(이수),"402,084","441,320","155,291","161,360",2023-07-03 08:56:50
2023-06,4호선,0433,사당,"684,861","591,081","107,324","108,417",2023-07-03 08:56:50
2023-06,4호선,0434,남태령,"31,081","24,466","9,098","8,528",2023-07-03 08:56:50
2023-06,경부선,1001,서울역,"258,515","80,341","16,266","3,451",2023-07-03 08:56:50
2023-06,경부선,1002,남영,"251,698","262,503","38,651","39,209",2023-07-03 08:56:50
2023-06,경부선,1003,용산,"1,119,282","1,118,204","137,418","134,274",2023-07-03 08:56:50
2023-06,경부선,1004,노량진,"212,423","210,278","43,959","40,999",2023-07-03 08:56:50
2023-06,경부선,1005,대방,"248,550","275,413","60,091","62,271",2023-07-03 08:56:50
2023-06,경부선,1006,영등포,"987,860","1,021,890","286,880","287,948",2023-07-03 08:56:50
2023-06,경부선,1007,신도림,"90,729","93,242","26,745","31,544",2023-07-03 08:56:50
2023-06,경부선,1032,신길,"212,733","176,296","48,263","44,762",2023-07-03 08:56:50
2023-06,경부선,1701,구로,"420,154","435,782","103,314","99,654",2023-07-03 08:56:50
2023-06,경부선,1702,가산디지털단지,"426,255","507,116","38,300","42,840",2023-07-03 08:56:50
2023-06,경부선,1703,금천구청,"252,046","251,614","84,893","85,123",2023-07-03 08:56:50
2023-06,경부선,1704,석수,"220,356","197,815","51,922","48,941",2023-07-03 08:56:50
2023-06,경부선,1705,관악,"172,759","159,997","58,209","56,297",2023-07-03 08:56:50
2023-06,경부선,1706,안양,"595,996","591,554","127,846","131,692",2023-07-03 08:56:50
2023-06,경부선,1707,명학,"213,586","207,496","43,631","42,832",2023-07-03 08:56:50
2023-06,경부선,1708,금정,"686,031","694,693","130,236","131,109",2023-07-03 08:56:50
2023-06,경부선,1709,군포,"168,887","162,553","38,660","37,867",2023-07-03 08:56:50
2023-06,경부선,1710,의왕,"218,626","215,196","46,442","46,498",2023-07-03 08:56:50
2023-06,경부선,1711,성균관대,"379,530","374,596","57,260","57,941",2023-07-03 08:56:50
2023-06,경부선,1712,화서,"201,778","193,379","49,380","47,967",2023-07-03 08:56:50
2023-06,경부선,1713,수원,"993,865","1,054,761","156,732","159,635",2023-07-03 08:56:50
2023-06,경부선,1714,독산,"427,498","435,774","69,397","71,540",2023-07-03 08:56:50
2023-06,경부선,1715,세류,"82,493","75,185","17,556","16,888",2023-07-03 08:56:50
2023-06,경부선,1716,병점,"393,009","394,237","73,378","73,414",2023-07-03 08:56:50
2023-06,경부선,1717,세마,"74,407","70,841","16,500","15,496",2023-07-03 08:56:50
2023-06,경부선,1718,오산대,"100,020","91,693","20,634","19,521",2023-07-03 08:56:50
2023-06,경부선,1719,오산,"266,839","266,754","50,587","51,820",2023-07-03 08:56:50
2023-06,경부선,1720,진위,"42,296","36,847","10,230","9,814",2023-07-03 08:56:50
2023-06,경부선,1721,송탄,"123,520","120,253","22,108","21,484",2023-07-03 08:56:50
2023-06,경부선,1722,서정리,"230,096","209,033","37,133","35,760",2023-07-03 08:56:50
2023-06,경부선,1723,평택지제,"119,041","115,219","13,742","13,457",2023-07-03 08:56:50
2023-06,경부선,1724,평택,"353,271","356,852","71,453","70,471",2023-07-03 08:56:50
2023-06,경부선,1725,성환,"131,438","127,196","21,387","21,312",2023-07-03 08:56:50
2023-06,경부선,1726,직산,"23,046","22,375","5,554","5,179",2023-07-03 08:56:50
2023-06,경부선,1727,두정,"202,174","210,964","26,556","27,347",2023-07-03 08:56:50
2023-06,경부선,1728,천안,"162,669","155,025","57,244","57,236",2023-07-03 08:56:50
2023-06,경부선,1729,당정,"152,260","144,166","32,900","31,366",2023-07-03 08:56:50
2023-06,경부선,1749,서동탄,"34,241","30,637","7,863","7,550",2023-07-03 08:56:50
2023-06,경부선,1750,광명,"105,200","88,280","11,365","10,813",2023-07-03 08:56:50
2023-06,경인선,1801,개봉,"482,003","454,941","167,384","173,071",2023-07-03 08:56:50
2023-06,경인선,1802,오류동,"255,285","229,195","93,619","91,711",2023-07-03 08:56:50
2023-06,경인선,1803,역곡,"658,353","644,259","158,094","162,718",2023-07-03 08:56:50
2023-06,경인선,1804,부천,"743,422","742,335","221,222","223,540",2023-07-03 08:56:50
2023-06,경인선,1805,송내,"654,421","646,953","132,183","131,277",2023-07-03 08:56:50
2023-06,경인선,1806,부평,"726,491","781,621","150,024","152,129",2023-07-03 08:56:50
2023-06,경인선,1807,백운,"144,266","139,004","60,755","61,098",2023-07-03 08:56:50
2023-06,경인선,1808,동암,"367,517","365,007","108,501","109,572",2023-07-03 08:56:50
2023-06,경인선,1809,주안,"469,579","422,269","96,780","85,983",2023-07-03 08:56:50
2023-06,경인선,1810,제물포,"246,887","231,340","66,852","66,457",2023-07-03 08:56:50
2023-06,경인선,1811,동인천,"309,720","291,989","126,577","123,296",2023-07-03 08:56:50
2023-06,경인선,1812,인천,"88,016","66,019","43,871","39,564",2023-07-03 08:56:50
2023-06,경인선,1813,구일,"208,736","223,051","47,608","46,537",2023-07-03 08:56:50
2023-06,경인선,1814,소사,"179,651","176,012","66,980","66,905",2023-07-03 08:56:50
2023-06,경인선,1815,부개,"193,788","175,793","70,936","69,519",2023-07-03 08:56:50
2023-06,경인선,1816,간석,"128,035","119,923","46,952","45,179",2023-07-03 08:56:50
2023-06,경인선,1817,도원,"70,400","70,648","30,215","31,965",2023-07-03 08:56:50
2023-06,경인선,1821,온수(성공회대입구),"144,539","134,663","52,620","50,835",2023-07-03 08:56:50
2023-06,경인선,1822,중동,"198,356","180,391","73,843","72,699",2023-07-03 08:56:50
2023-06,경인선,1823,도화,"83,116","73,409","41,301","39,564",2023-07-03 08:56:50
2023-06,경원선,1008,이촌(국립중앙박물관),"93,654","68,331","30,948","26,918",2023-07-03 08:56:50
2023-06,경원선,1009,서빙고,"54,491","50,663","19,502","18,486",2023-07-03 08:56:50
2023-06,경원선,1010,한남,"92,230","88,890","30,740","28,903",2023-07-03 08:56:50
2023-06,경원선,1011,옥수,"1,691","1,186",177,96,2023-07-03 08:56:50
2023-06,경원선,1012,응봉,"40,392","33,253","18,109","15,987",2023-07-03 08:56:50
2023-06,경원선,1013,왕십리(성동구청),"416,877","425,848","72,961","75,611",2023-07-03 08:56:50
2023-06,경원선,1014,청량리(서울시립대입구),"370,632","379,284","152,810","159,019",2023-07-03 08:56:50
2023-06,경원선,1016,외대앞,"235,145","226,296","46,368","47,137",2023-07-03 08:56:50
2023-06,경원선,1017,신이문,"177,918","159,194","69,969","68,126",2023-07-03 08:56:50
2023-06,경원선,1018,석계,"169,785","191,711","63,413","68,164",2023-07-03 08:56:50
2023-06,경원선,1019,광운대,"188,008","179,152","55,527","54,450",2023-07-03 08:56:50
2023-06,경원선,1020,월계,"149,594","135,944","64,405","62,157",2023-07-03 08:56:50
2023-06,경원선,1021,녹천,"95,633","77,252","38,529","35,108",2023-07-03 08:56:50
2023-06,경원선,1022,창동,11,0,2,0,2023-07-03 08:56:50
2023-06,경원선,1901,방학,"183,831","178,048","111,296","109,308",2023-07-03 08:56:50
2023-06,경원선,1902,도봉,"102,194","95,878","73,509","72,740",2023-07-03 08:56:50
2023-06,경원선,1903,도봉산,"132,984","74,978","120,677","97,260",2023-07-03 08:56:50
2023-06,경원선,1904,망월사,"175,941","176,990","73,527","75,391",2023-07-03 08:56:50
2023-06,경원선,1905,회룡,"229,286","225,600","154,559","152,793",2023-07-03 08:56:50
2023-06,경원선,1906,의정부,"445,565","465,884","121,022","123,524",2023-07-03 08:56:50
2023-06,경원선,1907,가능,"138,322","130,666","59,829","59,686",2023-07-03 08:56:50
2023-06,경원선,1908,녹양,"95,893","91,098","40,380","37,969",2023-07-03 08:56:50
2023-06,경원선,1909,양주,"172,262","160,806","58,173","56,155",2023-07-03 08:56:50
2023-06,경원선,1910,덕계,"104,446","92,717","30,012","28,742",2023-07-03 08:56:50
2023-06,경원선,1911,덕정,"139,073","130,442","36,931","36,989",2023-07-03 08:56:50
2023-06,경원선,1912,지행,"154,010","154,279","47,786","47,583",2023-07-03 08:56:50
2023-06,경원선,1913,동두천중앙,"57,191","54,774","36,493","36,147",2023-07-03 08:56:50
2023-06,경원선,1914,보산,"34,967","31,999","14,101","13,380",2023-07-03 08:56:50
2023-06,경원선,1915,동두천,"47,546","49,604","24,264","28,897",2023-07-03 08:56:50
2023-06,경원선,1916,소요산,"31,911","26,053","57,565","52,221",2023-07-03 08:56:50
2023-06,안산선,1751,산본,"369,538","403,093","112,077","113,510",2023-07-03 08:56:50
2023-06,안산선,1752,대야미,"116,596","102,404","34,457","32,533",2023-07-03 08:56:50
2023-06,안산선,1753,반월,"97,970","93,956","33,247","32,812",2023-07-03 08:56:50
2023-06,안산선,1754,상록수,"391,771","392,813","74,644","75,947",2023-07-03 08:56:50
2023-06,안산선,1755,한대앞,"245,204","243,193","46,421","47,583",2023-07-03 08:56:50
2023-06,안산선,1756,중앙,"488,581","518,096","68,656","67,248",2023-07-03 08:56:50
2023-06,안산선,1757,고잔,"228,638","219,089","39,418","38,296",2023-07-03 08:56:50
2023-06,안산선,1758,초지,"135,493","135,924","19,970","19,884",2023-07-03 08:56:50
2023-06,안산선,1759,안산,"332,973","310,140","40,366","38,069",2023-07-03 08:56:50
2023-06,안산선,1760,신길온천,"47,482","42,971","10,902","10,632",2023-07-03 08:56:50
2023-06,안산선,1761,정왕,"253,825","259,084","30,797","32,378",2023-07-03 08:56:50
2023-06,안산선,1762,오이도,"213,345","210,453","39,453","39,301",2023-07-03 08:56:50
2023-06,안산선,1763,수리산,"88,866","70,523","34,177","33,041",2023-07-03 08:56:50
2023-06,과천선,1450,선바위,"197,968","169,823","39,503","37,904",2023-07-03 08:56:50
2023-06,과천선,1451,경마공원,"106,411","109,032","76,237","76,196",2023-07-03 08:56:50
2023-06,과천선,1452,대공원,"124,510","133,287","59,297","61,116",2023-07-03 08:56:50
2023-06,과천선,1453,과천,"145,602","131,953","47,836","45,178",2023-07-03 08:56:50
2023-06,과천선,1454,정부과천청사,"258,823","269,003","57,162","57,146",2023-07-03 08:56:50
2023-06,과천선,1455,인덕원,"593,998","600,439","123,087","125,884",2023-07-03 08:56:50
2023-06,과천선,1456,평촌,"428,010","417,359","69,909","70,155",2023-07-03 08:56:50
2023-06,과천선,1457,범계,"659,757","662,951","120,392","118,546",2023-07-03 08:56:50
2023-06,분당선,1023,선릉,"306,584","478,297","45,041","60,185",2023-07-03 08:56:50
2023-06,분당선,1024,한티,"380,176","401,235","72,856","74,391",2023-07-03 08:56:50
2023-06,분당선,1025,도곡,"158,563","154,593","54,760","51,825",2023-07-03 08:56:50
2023-06,분당선,1026,구룡,"57,794","54,198","17,758","17,422",2023-07-03 08:56:50
2023-06,분당선,1027,개포동,"104,022","105,839","35,120","35,809",2023-07-03 08:56:50
2023-06,분당선,1028,대모산입구,"127,532","116,097","37,509","37,305",2023-07-03 08:56:50
2023-06,분당선,1030,수서,"356,984","368,336","72,607","75,599",2023-07-03 08:56:50
2023-06,분당선,1031,복정,26,0,2,0,2023-07-03 08:56:50
2023-06,분당선,1846,수원,"215,175","188,315","34,361","31,297",2023-07-03 08:56:50
2023-06,분당선,1847,서울숲,"348,268","359,149","36,624","35,492",2023-07-03 08:56:50
2023-06,분당선,1848,압구정로데오,"538,392","611,922","48,335","46,165",2023-07-03 08:56:50
2023-06,분당선,1849,강남구청,"227,793","264,028","39,015","42,287",2023-07-03 08:56:50
2023-06,분당선,1850,선정릉,"179,568","189,148","32,963","32,116",2023-07-03 08:56:50
2023-06,분당선,1851,가천대,"245,897","258,268","28,917","29,958",2023-07-03 08:56:50
2023-06,분당선,1852,태평,"301,319","280,010","94,838","99,419",2023-07-03 08:56:50
2023-06,분당선,1853,모란,"430,007","424,457","176,147","190,186",2023-07-03 08:56:50
2023-06,분당선,1854,야탑,"579,951","619,641","163,335","164,472",2023-07-03 08:56:50
2023-06,분당선,1855,서현,"584,145","600,230","128,973","125,109",2023-07-03 08:56:50
2023-06,분당선,1856,수내,"321,639","320,029","80,671","78,953",2023-07-03 08:56:50
2023-06,분당선,1857,정자,"448,624","467,300","75,573","75,051",2023-07-03 08:56:50
2023-06,분당선,1858,미금,"324,928","344,771","110,190","117,693",2023-07-03 08:56:50
2023-06,분당선,1859,오리,"253,764","208,736","75,441","64,803",2023-07-03 08:56:50
2023-06,분당선,1860,이매,"135,114","125,185","43,140","42,232",2023-07-03 08:56:50
2023-06,분당선,1861,보정,"57,417","49,545","22,093","21,177",2023-07-03 08:56:50
2023-06,분당선,1862,죽전,"330,863","365,221","75,206","79,378",2023-07-03 08:56:50
2023-06,분당선,1863,구성,"106,070","114,629","39,358","39,305",2023-07-03 08:56:50
2023-06,분당선,1864,신갈,"104,661","102,322","31,595","31,585",2023-07-03 08:56:50
2023-06,분당선,1865,기흥,"257,574","238,314","45,430","44,385",2023-07-03 08:56:50
2023-06,분당선,1866,상갈,"128,543","124,191","33,960","33,000",2023-07-03 08:56:50
2023-06,분당선,1867,청명,"108,346","103,682","22,214","22,138",2023-07-03 08:56:50
2023-06,분당선,1868,영통,"231,472","233,927","33,745","33,463",2023-07-03 08:56:50
2023-06,분당선,1869,망포,"397,422","376,843","43,068","41,661",2023-07-03 08:56:50
2023-06,분당선,1870,매탄권선,"133,990","128,633","24,144","23,077",2023-07-03 08:56:50
2023-06,분당선,1871,수원시청,"347,703","385,094","50,197","51,312",2023-07-03 08:56:50
2023-06,분당선,1872,매교,"115,218","112,923","25,327","25,569",2023-07-03 08:56:50
2023-06,일산선,1948,원흥,"271,457","256,271","65,804","63,238",2023-07-03 08:56:50
2023-06,일산선,1949,지축,13,0,0,0,2023-07-03 08:56:50
2023-06,일산선,1950,삼송,"469,235","446,814","100,169","101,429",2023-07-03 08:56:50
2023-06,일산선,1951,원당,"241,493","224,532","84,198","83,441",2023-07-03 08:56:50
2023-06,일산선,1952,화정,"377,035","383,803","121,338","123,814",2023-07-03 08:56:50
2023-06,일산선,1953,대곡,"48,834","36,950","12,912","11,879",2023-07-03 08:56:50
2023-06,일산선,1954,백석,"208,488","209,507","74,211","73,109",2023-07-03 08:56:50
2023-06,일산선,1955,마두,"146,196","148,834","69,287","70,630",2023-07-03 08:56:50
2023-06,일산선,1956,정발산,"160,703","170,181","56,394","53,974",2023-07-03 08:56:50
2023-06,일산선,1957,주엽,"181,032","178,314","92,766","95,943",2023-07-03 08:56:50
2023-06,일산선,1958,대화,"297,641","225,056","85,164","77,967",2023-07-03 08:56:50
2023-06,중앙선,1015,회기,"674,405","638,701","128,459","125,796",2023-07-03 08:56:50
2023-06,중앙선,1201,중랑,"116,998","109,723","52,371","51,012",2023-07-03 08:56:50
2023-06,중앙선,1202,상봉(시외버스터미널),"134,021","133,181","43,300","42,036",2023-07-03 08:56:50
2023-06,중앙선,1203,망우,"161,741","153,657","75,344","76,457",2023-07-03 08:56:50
2023-06,중앙선,1204,양원,"69,721","66,956","23,098","23,040",2023-07-03 08:56:50
2023-06,중앙선,1205,구리,"307,504","313,419","87,317","87,477",2023-07-03 08:56:50
2023-06,중앙선,1206,도농,"262,873","236,967","71,436","69,223",2023-07-03 08:56:50
2023-06,중앙선,1207,양정,"12,031","10,070","8,258","7,302",2023-07-03 08:56:50
2023-06,중앙선,1208,덕소,"116,475","115,291","47,084","46,837",2023-07-03 08:56:50
2023-06,중앙선,1209,도심,"51,787","38,854","20,088","18,691",2023-07-03 08:56:50
2023-06,중앙선,1210,팔당,"20,860","21,706","10,268","10,185",2023-07-03 08:56:50
2023-06,중앙선,1211,운길산,"16,694","16,092","13,618","14,113",2023-07-03 08:56:50
2023-06,중앙선,1212,양수,"40,098","39,446","26,492","26,169",2023-07-03 08:56:50
2023-06,중앙선,1213,신원,"3,599","3,065","3,726","3,162",2023-07-03 08:56:50
2023-06,중앙선,1214,국수,"13,853","13,464","10,134","10,280",2023-07-03 08:56:50
2023-06,중앙선,1215,아신,"11,761","11,966","6,950","6,734",2023-07-03 08:56:50
2023-06,중앙선,1216,오빈,"5,536","5,400","4,809","4,811",2023-07-03 08:56:50
2023-06,중앙선,1217,양평,"65,004","66,025","35,460","36,569",2023-07-03 08:56:50
2023-06,중앙선,1218,원덕,"5,758","5,537","6,638","6,476",2023-07-03 08:56:50
2023-06,중앙선,1219,용문,"33,026","32,914","39,032","39,002",2023-07-03 08:56:50
2023-06,중앙선,1220,지평,909,"1,215","1,228","1,238",2023-07-03 08:56:50
2023-06,장항선,1401,봉명,"26,884","26,918","10,999","10,783",2023-07-03 08:56:50
2023-06,장항선,1402,쌍용(나사렛대),"63,466","59,200","15,871","15,013",2023-07-03 08:56:50
2023-06,장항선,1403,아산,"111,451","98,110","15,140","14,238",2023-07-03 08:56:50
2023-06,장항선,1404,탕정,"36,397","32,192","5,955","5,521",2023-07-03 08:56:50
2023-06,장항선,1405,배방,"29,777","29,642","7,655","7,479",2023-07-03 08:56:50
2023-06,장항선,1407,온양온천,"86,792","88,310","51,987","52,644",2023-07-03 08:56:50
2023-06,장항선,1408,신창(순천향대),"48,126","45,340","7,944","7,473",2023-07-03 08:56:50
2023-06,경의선,1252,신촌,"22,117","29,409","3,781","4,565",2023-07-03 08:56:50
2023-06,경의선,1261,효창공원앞,"76,103","84,478","16,235","17,686",2023-07-03 08:56:50
2023-06,경의선,1263,서강대,"57,759","56,501","12,173","11,391",2023-07-03 08:56:50
2023-06,경의선,1265,가좌,"127,855","118,684","45,187","45,235",2023-07-03 08:56:50
2023-06,경의선,1267,수색,"61,099","66,042","15,744","15,660",2023-07-03 08:56:50
2023-06,경의선,1268,화전,"65,762","60,772","10,584","10,376",2023-07-03 08:56:50
2023-06,경의선,1269,강매,"77,481","65,183","19,608","18,398",2023-07-03 08:56:50
2023-06,경의선,1270,행신,"203,542","202,090","37,141","37,844",2023-07-03 08:56:50
2023-06,경의선,1271,능곡,"89,495","78,941","31,911","31,108",2023-07-03 08:56:50
2023-06,경의선,1272,곡산,"12,831","13,509","5,850","5,875",2023-07-03 08:56:50
2023-06,경의선,1273,백마,"165,741","155,062","35,267","35,070",2023-07-03 08:56:50
2023-06,경의선,1274,풍산,"129,534","121,566","38,827","37,979",2023-07-03 08:56:50
2023-06,경의선,1275,일산,"224,489","214,840","64,578","64,929",2023-07-03 08:56:50
2023-06,경의선,1276,탄현,"189,349","176,037","41,778","40,816",2023-07-03 08:56:50
2023-06,경의선,1277,야당,"208,002","212,136","41,132","39,612",2023-07-03 08:56:50
2023-06,경의선,1278,운정,"166,968","151,953","41,865","40,947",2023-07-03 08:56:50
2023-06,경의선,1279,금릉,"126,767","121,806","31,199","30,540",2023-07-03 08:56:50
2023-06,경의선,1280,금촌,"151,658","146,835","47,641","48,311",2023-07-03 08:56:50
2023-06,경의선,1282,월롱,"59,293","52,994","9,027","9,704",2023-07-03 08:56:50
2023-06,경의선,1283,파주,"32,969","23,753","8,193","7,077",2023-07-03 08:56:50
2023-06,경의선,1284,문산,"117,271","115,191","44,155","44,444",2023-07-03 08:56:50
2023-06,경의선,1285,임진강,569,449,580,500,2023-07-03 08:56:50
2023-06,경의선,1286,운천,49,21,103,91,2023-07-03 08:56:50
2023-06,경의선,1291,서울역,"107,307","135,889","17,288","21,129",2023-07-03 08:56:50
2023-06,경의선,1292,공덕,"100,647","82,139","15,641","15,081",2023-07-03 08:56:50
2023-06,경의선,1293,홍대입구,"56,617","69,590","5,886","6,894",2023-07-03 08:56:50
2023-06,경의선,1294,디지털미디어시티,"71,707","62,367","13,370","13,519",2023-07-03 08:56:50
2023-06,경의선,1296,계양,5,0,1,0,2023-07-03 08:56:50
2023-06,경춘선,1311,신내,"48,018","44,123","19,531","18,854",2023-07-03 08:56:50
2023-06,경춘선,1312,갈매,"68,395","57,540","22,842","21,302",2023-07-03 08:56:50
2023-06,경춘선,1313,별내,"72,211","68,601","23,776","22,520",2023-07-03 08:56:50
2023-06,경춘선,1314,퇴계원,"77,496","69,905","29,832","28,497",2023-07-03 08:56:50
2023-06,경춘선,1315,사릉,"51,805","49,862","17,074","17,282",2023-07-03 08:56:50
2023-06,경춘선,1316,금곡,"29,882","28,494","17,169","16,978",2023-07-03 08:56:50
2023-06,경춘선,1317,평내호평,"138,165","136,659","48,373","46,396",2023-07-03 08:56:50
2023-06,경춘선,1318,천마산,"31,177","28,216","18,977","18,977",2023-07-03 08:56:50
2023-06,경춘선,1319,마석,"85,571","83,895","36,232","36,264",2023-07-03 08:56:50
2023-06,경춘선,1320,대성리,"24,218","25,723","8,029","7,460",2023-07-03 08:56:50
2023-06,경춘선,1321,청평,"40,868","40,531","21,113","21,254",2023-07-03 08:56:50
2023-06,경춘선,1322,상천,"5,488","4,910","6,178","5,972",2023-07-03 08:56:50
2023-06,경춘선,1323,가평,"54,890","56,039","20,889","20,598",2023-07-03 08:56:50
2023-06,경춘선,1324,굴봉산,"2,275","2,003","2,962","2,867",2023-07-03 08:56:50
2023-06,경춘선,1325,백양리,"1,841","1,681","1,328","1,451",2023-07-03 08:56:50
2023-06,경춘선,1326,강촌,"13,771","12,174","5,748","5,869",2023-07-03 08:56:50
2023-06,경춘선,1327,김유정,"8,849","10,202","4,641","4,999",2023-07-03 08:56:50
2023-06,경춘선,1328,남춘천,"64,880","64,202","27,847","29,878",2023-07-03 08:56:50
2023-06,경춘선,1329,춘천,"39,565","34,466","19,996","15,859",2023-07-03 08:56:50
2023-06,수인선,1873,고색,"122,289","118,121","19,602","18,157",2023-07-03 08:56:50
2023-06,수인선,1874,오목천,"110,595","93,258","16,482","16,078",2023-07-03 08:56:50
2023-06,수인선,1875,어천,"28,864","27,454","7,111","7,720",2023-07-03 08:56:50
2023-06,수인선,1876,야목,"10,084","7,357","2,873","2,453",2023-07-03 08:56:50
2023-06,수인선,1877,사리,"130,118","110,393","21,073","19,435",2023-07-03 08:56:50
2023-06,수인선,1878,달월,"1,996","1,510","1,089",655,2023-07-03 08:56:50
2023-06,수인선,1879,월곶,"66,257","60,644","17,942","17,690",2023-07-03 08:56:50
2023-06,수인선,1880,소래포구,"106,422","99,567","71,206","69,722",2023-07-03 08:56:50
2023-06,수인선,1881,인천논현,"124,657","134,668","37,739","38,014",2023-07-03 08:56:50
2023-06,수인선,1882,호구포,"95,386","98,138","23,105","22,998",2023-07-03 08:56:50
2023-06,수인선,1883,남동인더스파크,"51,662","58,003","6,942","7,135",2023-07-03 08:56:50
2023-06,수인선,1884,원인재,"98,604","103,072","34,088","34,335",2023-07-03 08:56:50
2023-06,수인선,1885,연수,"110,389","108,407","34,152","33,909",2023-07-03 08:56:50
2023-06,수인선,1886,송도,"53,618","46,757","24,121","23,186",2023-07-03 08:56:50
2023-06,수인선,1888,인하대,"165,175","155,498","30,149","29,040",2023-07-03 08:56:50
2023-06,수인선,1889,숭의,"88,491","81,701","32,422","30,533",2023-07-03 08:56:50
2023-06,수인선,1890,신포,"41,943","42,685","14,498","14,764",2023-07-03 08:56:50
2023-06,수인선,1891,인천,"21,614","37,527","13,938","18,201",2023-07-03 08:56:50
2023-06,경강선,1501,판교,"141,444","143,327","19,235","16,706",2023-07-03 08:56:50
2023-06,경강선,1502,이매,"28,594","23,813","7,843","7,704",2023-07-03 08:56:50
2023-06,경강선,1503,삼동,"58,482","52,488","13,870","14,076",2023-07-03 08:56:50
2023-06,경강선,1504,경기광주,"201,618","186,773","35,961","35,408",2023-07-03 08:56:50
2023-06,경강선,1505,초월,"84,561","78,266","16,523","16,080",2023-07-03 08:56:50
2023-06,경강선,1506,곤지암,"56,488","55,518","15,923","16,069",2023-07-03 08:56:50
2023-06,경강선,1507,신둔도예촌,"39,291","36,609","9,380","9,045",2023-07-03 08:56:50
2023-06,경강선,1508,이천,"70,975","75,347","15,640","16,827",2023-07-03 08:56:50
2023-06,경강선,1509,부발,"56,909","54,795","10,307","10,270",2023-07-03 08:56:50
2023-06,경강선,1510,세종대왕릉,"7,232","7,295","4,029","4,120",2023-07-03 08:56:50
2023-06,경강선,1511,여주,"65,178","65,600","19,432","19,735",2023-07-03 08:56:50
2023-06,5호선,2511,방화,"144,764","136,470","55,675","54,224",2023-07-03 08:56:50
2023-06,5호선,2512,개화산,"124,636","118,797","41,524","40,986",2023-07-03 08:56:50
2023-06,5호선,2513,김포공항,"211,914","192,650","38,636","40,825",2023-07-03 08:56:50
2023-06,5호선,2514,송정,"135,306","127,491","51,545","50,135",2023-07-03 08:56:50
2023-06,5호선,2515,마곡,"263,681","271,189","45,200","43,588",2023-07-03 08:56:50
2023-06,5호선,2516,발산,"506,810","538,605","103,475","100,072",2023-07-03 08:56:50
2023-06,5호선,2517,우장산,"327,244","313,988","97,938","101,429",2023-07-03 08:56:50
2023-06,5호선,2518,화곡,"684,487","631,077","156,192","149,267",2023-07-03 08:56:50
2023-06,5호선,2519,까치산,"667,506","627,458","164,043","165,001",2023-07-03 08:56:50
2023-06,5호선,2520,신정(은행정),"324,136","261,536","65,622","63,120",2023-07-03 08:56:50
2023-06,5호선,2521,목동,"396,332","423,749","86,520","87,390",2023-07-03 08:56:50
2023-06,5호선,2522,오목교(목동운동장앞),"531,339","568,717","89,883","89,740",2023-07-03 08:56:50
2023-06,5호선,2523,양평,"175,136","168,571","30,582","30,260",2023-07-03 08:56:50
2023-06,5호선,2524,영등포구청,"100,002","99,544","21,727","20,765",2023-07-03 08:56:50
2023-06,5호선,2525,영등포시장,"242,815","249,715","78,614","80,692",2023-07-03 08:56:50
2023-06,5호선,2526,신길,"120,851","122,692","12,173","12,670",2023-07-03 08:56:50
2023-06,5호선,2527,여의도,"720,995","776,605","55,935","53,309",2023-07-03 08:56:50
2023-06,5호선,2528,여의나루,"404,455","450,844","34,583","33,790",2023-07-03 08:56:50
2023-06,5호선,2529,마포,"346,611","353,351","64,198","63,641",2023-07-03 08:56:50
2023-06,5호선,2530,공덕,"355,709","375,503","49,992","46,863",2023-07-03 08:56:50
2023-06,5호선,2531,애오개,"154,490","151,610","39,804","38,537",2023-07-03 08:56:50
2023-06,5호선,2532,충정로(경기대입구),"109,881","109,830","14,050","14,425",2023-07-03 08:56:50
2023-06,5호선,2533,서대문,"476,032","487,103","71,101","66,421",2023-07-03 08:56:50
2023-06,5호선,2534,광화문(세종문화회관),"817,120","873,227","86,382","86,008",2023-07-03 08:56:50
2023-06,5호선,2535,종로3가,"345,353","340,408","96,354","99,624",2023-07-03 08:56:50
2023-06,5호선,2536,을지로4가,"139,753","147,383","44,059","43,732",2023-07-03 08:56:50
2023-06,5호선,2537,동대문역사문화공원(DDP),"75,976","88,859","8,496","9,627",2023-07-03 08:56:50
2023-06,5호선,2538,청구,"86,557","85,053","25,412","20,499",2023-07-03 08:56:50
2023-06,5호선,2539,신금호,"145,075","150,319","39,734","44,774",2023-07-03 08:56:50
2023-06,5호선,2540,행당,"184,462","161,646","53,424","48,198",2023-07-03 08:56:50
2023-06,5호선,2541,왕십리(성동구청),"104,592","124,999","25,289","25,419",2023-07-03 08:56:50
2023-06,5호선,2542,마장,"126,237","115,990","41,125","39,842",2023-07-03 08:56:50
2023-06,5호선,2543,답십리,"362,994","324,806","85,804","83,073",2023-07-03 08:56:50
2023-06,5호선,2544,장한평,"441,660","430,859","96,982","98,364",2023-07-03 08:56:50
2023-06,5호선,2545,군자(능동),"294,770","326,115","42,976","45,844",2023-07-03 08:56:50
2023-06,5호선,2546,아차산(어린이대공원후문),"341,880","328,680","103,272","100,506",2023-07-03 08:56:50
2023-06,5호선,2547,광나루(장신대),"325,954","299,784","76,360","72,698",2023-07-03 08:56:50
2023-06,5호선,2548,천호(풍납토성),"417,786","409,534","142,022","145,476",2023-07-03 08:56:50
2023-06,5호선,2549,강동,"415,231","398,071","107,607","105,150",2023-07-03 08:56:50
2023-06,5호선,2550,길동,"158,457","163,356","77,707","79,136",2023-07-03 08:56:50
2023-06,5호선,2551,굽은다리(강동구민회관앞),"203,223","194,558","77,753","72,631",2023-07-03 08:56:50
2023-06,5호선,2552,명일,"186,614","189,205","74,360","76,366",2023-07-03 08:56:50
2023-06,5호선,2553,고덕,"212,032","209,349","77,402","76,373",2023-07-03 08:56:50
2023-06,5호선,2554,상일동,"323,750","300,431","94,576","92,014",2023-07-03 08:56:50
2023-06,5호선,2555,둔촌동,"188,265","187,892","67,708","68,393",2023-07-03 08:56:50
2023-06,5호선,2556,올림픽공원(한국체대),"125,088","113,281","39,284","35,726",2023-07-03 08:56:50
2023-06,5호선,2557,방이,"163,299","168,061","48,751","48,766",2023-07-03 08:56:50
2023-06,5호선,2558,오금,"83,925","84,385","22,490","21,238",2023-07-03 08:56:50
2023-06,5호선,2559,개롱,"137,855","143,141","51,413","52,698",2023-07-03 08:56:50
2023-06,5호선,2560,거여,"227,308","216,557","67,486","65,459",2023-07-03 08:56:50
2023-06,5호선,2561,마천,"159,702","146,392","59,801","61,291",2023-07-03 08:56:50
2023-06,5호선,2562,강일,"116,479","103,571","41,565","39,959",2023-07-03 08:56:50
2023-06,5호선,2563,미사,"415,571","424,807","84,055","83,990",2023-07-03 08:56:50
2023-06,5호선,2564,하남풍산,"96,636","96,262","32,018","31,663",2023-07-03 08:56:50
2023-06,5호선,2565,하남시청(덕풍·신장),"156,153","147,615","73,713","74,085",2023-07-03 08:56:50
2023-06,5호선,2566,하남검단산,"140,803","132,549","53,212","52,588",2023-07-03 08:56:50
2023-06,6호선,2611,응암,"389,334","382,708","121,824","121,223",2023-07-03 08:56:50
2023-06,6호선,2612,역촌,"76,780","97,137","34,639","33,416",2023-07-03 08:56:50
2023-06,6호선,2613,불광,"94,099","96,997","43,212","35,619",2023-07-03 08:56:50
2023-06,6호선,2614,독바위,"58,651","58,098","21,144","25,800",2023-07-03 08:56:50
2023-06,6호선,2615,연신내,16,0,0,0,2023-07-03 08:56:50
2023-06,6호선,2616,구산,"176,542","114,469","54,673","56,193",2023-07-03 08:56:50
2023-06,6호선,2617,새절(신사),"281,520","253,376","90,795","89,925",2023-07-03 08:56:50
2023-06,6호선,2618,증산(명지대앞),"217,696","213,577","74,407","75,292",2023-07-03 08:56:50
2023-06,6호선,2619,디지털미디어시티,"350,840","384,204","61,680","62,168",2023-07-03 08:56:50
2023-06,6호선,2620,월드컵경기장(성산),"107,384","123,558","63,334","62,973",2023-07-03 08:56:50
2023-06,6호선,2621,마포구청,"337,193","296,303","82,984","74,168",2023-07-03 08:56:50
2023-06,6호선,2622,망원,"352,944","381,074","82,364","86,165",2023-07-03 08:56:50
2023-06,6호선,2623,합정,"366,421","364,033","42,378","39,197",2023-07-03 08:56:50
2023-06,6호선,2624,상수,"276,848","322,030","21,869","22,283",2023-07-03 08:56:50
2023-06,6호선,2625,광흥창(서강),"213,719","203,289","53,499","52,429",2023-07-03 08:56:50
2023-06,6호선,2626,대흥(서강대앞),"220,936","229,294","49,366","48,957",2023-07-03 08:56:50
2023-06,6호선,2627,공덕,"456,404","444,408","78,962","74,086",2023-07-03 08:56:50
2023-06,6호선,2628,효창공원앞,"178,919","161,869","40,328","37,526",2023-07-03 08:56:50
2023-06,6호선,2629,삼각지,"204,996","174,295","22,000","17,588",2023-07-03 08:56:50
2023-06,6호선,2630,녹사평(용산구청),"138,298","139,404","18,298","17,920",2023-07-03 08:56:50
2023-06,6호선,2631,이태원,"327,646","354,258","33,078","33,690",2023-07-03 08:56:50
2023-06,6호선,2632,한강진,"277,187","335,518","18,214","18,224",2023-07-03 08:56:50
2023-06,6호선,2633,버티고개,"48,780","46,528","14,400","17,094",2023-07-03 08:56:50
2023-06,6호선,2634,약수,"86,215","84,462","23,105","22,972",2023-07-03 08:56:50
2023-06,6호선,2635,청구,"90,892","86,426","20,172","22,918",2023-07-03 08:56:50
2023-06,6호선,2636,신당,"212,599","219,178","39,904","38,718",2023-07-03 08:56:50
2023-06,6호선,2637,동묘앞,"178,819","185,568","69,272","65,006",2023-07-03 08:56:50
2023-06,6호선,2638,창신,"83,865","69,510","19,207","18,280",2023-07-03 08:56:50
2023-06,6호선,2639,보문,"197,396","179,213","31,749","30,092",2023-07-03 08:56:50
2023-06,6호선,2640,안암(고대병원앞),"327,598","328,953","39,081","38,094",2023-07-03 08:56:50
2023-06,6호선,2641,고려대(종암),"220,095","210,007","35,431","35,138",2023-07-03 08:56:50
2023-06,6호선,2642,월곡(동덕여대),"275,088","266,800","71,439","70,368",2023-07-03 08:56:50
2023-06,6호선,2643,상월곡(한국과학기술연구원),"149,074","133,303","42,330","40,946",2023-07-03 08:56:50
2023-06,6호선,2644,돌곶이,"228,568","204,798","64,322","63,183",2023-07-03 08:56:50
2023-06,6호선,2645,석계,"274,647","287,361","81,692","81,652",2023-07-03 08:56:50
2023-06,6호선,2646,태릉입구,"130,962","151,575","34,675","35,941",2023-07-03 08:56:50
2023-06,6호선,2647,화랑대(서울여대입구),"297,180","226,584","50,625","45,463",2023-07-03 08:56:50
2023-06,6호선,2648,봉화산(서울의료원),"202,647","188,377","51,803","51,376",2023-07-03 08:56:50
2023-06,6호선,2649,신내,8,0,1,0,2023-07-03 08:56:50
2023-06,7호선,2711,장암,"64,564","26,032","12,681","9,690",2023-07-03 08:56:50
2023-06,7호선,2712,도봉산,"214,815","243,722","58,237","78,871",2023-07-03 08:56:50
2023-06,7호선,2713,수락산,"271,657","265,684","105,935","107,247",2023-07-03 08:56:50
2023-06,7호선,2714,마들,"289,365","264,622","91,958","89,662",2023-07-03 08:56:50
2023-06,7호선,2715,노원,"456,939","489,194","132,088","130,323",2023-07-03 08:56:50
2023-06,7호선,2716,중계,"330,694","295,721","99,227","95,069",2023-07-03 08:56:50
2023-06,7호선,2717,하계,"411,672","380,719","114,313","110,985",2023-07-03 08:56:50
2023-06,7호선,2718,공릉(서울과학기술대),"274,037","267,030","74,588","74,971",2023-07-03 08:56:50
2023-06,7호선,2719,태릉입구,"222,900","211,576","48,821","44,834",2023-07-03 08:56:50
2023-06,7호선,2720,먹골,"227,516","220,927","71,384","73,033",2023-07-03 08:56:50
2023-06,7호선,2721,중화,"245,053","236,217","66,304","66,098",2023-07-03 08:56:50
2023-06,7호선,2722,상봉(시외버스터미널),"421,025","403,556","76,877","73,885",2023-07-03 08:56:50
2023-06,7호선,2723,면목,"350,700","329,019","98,850","101,383",2023-07-03 08:56:50
2023-06,7호선,2724,사가정,"367,821","363,810","106,644","107,135",2023-07-03 08:56:50
2023-06,7호선,2725,용마산(용마폭포공원),"136,000","130,258","37,628","40,934",2023-07-03 08:56:50
2023-06,7호선,2726,중곡,"249,637","227,293","64,923","65,399",2023-07-03 08:56:50
2023-06,7호선,2727,군자(능동),"360,278","274,973","83,953","71,825",2023-07-03 08:56:50
2023-06,7호선,2728,어린이대공원(세종대),"421,724","427,448","45,863","45,558",2023-07-03 08:56:50
2023-06,7호선,2729,건대입구,"343,006","365,063","61,448","55,968",2023-07-03 08:56:50
2023-06,7호선,2730,뚝섬유원지,"253,350","239,931","49,610","49,425",2023-07-03 08:56:50
2023-06,7호선,2731,청담,"461,550","515,543","78,444","75,497",2023-07-03 08:56:50
2023-06,7호선,2732,강남구청,"406,951","456,680","53,029","54,774",2023-07-03 08:56:50
2023-06,7호선,2733,학동,"577,934","616,035","62,939","60,592",2023-07-03 08:56:50
2023-06,7호선,2734,논현,"454,422","468,550","43,839","42,425",2023-07-03 08:56:50
2023-06,7호선,2735,반포,"144,939","141,073","37,984","36,394",2023-07-03 08:56:50
2023-06,7호선,2736,고속터미널,"437,973","353,423","77,968","69,635",2023-07-03 08:56:50
2023-06,7호선,2737,내방,"332,816","340,002","75,727","73,222",2023-07-03 08:56:50
2023-06,7호선,2738,이수,"382,025","371,047","80,156","76,505",2023-07-03 08:56:50
2023-06,7호선,2739,남성,"258,797","234,837","75,546","74,755",2023-07-03 08:56:50
2023-06,7호선,2740,숭실대입구(살피재),"335,730","334,917","66,792","68,948",2023-07-03 08:56:50
2023-06,7호선,2741,상도,"283,513","276,543","64,819","62,107",2023-07-03 08:56:50
2023-06,7호선,2742,장승배기,"194,938","187,358","69,863","70,967",2023-07-03 08:56:50
2023-06,7호선,2743,신대방삼거리,"342,363","316,875","93,293","95,603",2023-07-03 08:56:50
2023-06,7호선,2744,보라매,"169,644","173,905","32,599","33,867",2023-07-03 08:56:50
2023-06,7호선,2745,신풍,"254,893","234,792","74,904","73,923",2023-07-03 08:56:50
2023-06,7호선,2746,대림(구로구청),"226,205","228,556","42,629","41,909",2023-07-03 08:56:50
2023-06,7호선,2747,남구로,"359,521","377,644","62,559","63,125",2023-07-03 08:56:50
2023-06,7호선,2748,가산디지털단지,"1,059,708","1,062,311","95,001","89,316",2023-07-03 08:56:50
2023-06,7호선,2749,철산,"507,779","516,532","105,185","103,719",2023-07-03 08:56:50
2023-06,7호선,2750,광명사거리,"449,592","434,653","153,328","159,760",2023-07-03 08:56:50
2023-06,7호선,2751,천왕,"270,032","254,534","60,974","60,638",2023-07-03 08:56:50
2023-06,7호선,2752,온수(성공회대입구),"247,098","228,064","42,300","40,172",2023-07-03 08:56:50
2023-06,7호선,2753,까치울,2,0,0,0,2023-07-03 08:56:50
2023-06,7호선,2755,춘의,1,0,0,0,2023-07-03 08:56:50
2023-06,7호선,2756,신중동,1,0,0,0,2023-07-03 08:56:50
2023-06,8호선,2811,암사,"432,294","369,245","109,818","107,725",2023-07-03 08:56:50
2023-06,8호선,2812,천호(풍납토성),"340,163","409,108","88,037","84,772",2023-07-03 08:56:50
2023-06,8호선,2813,강동구청,"230,142","236,606","67,611","68,176",2023-07-03 08:56:50
2023-06,8호선,2814,몽촌토성(평화의문),"155,957","161,287","35,274","34,485",2023-07-03 08:56:50
2023-06,8호선,2815,잠실(송파구청),"374,360","453,682","76,478","74,719",2023-07-03 08:56:50
2023-06,8호선,2816,석촌,"171,841","207,967","51,906","56,090",2023-07-03 08:56:50
2023-06,8호선,2817,송파,"200,573","193,043","65,414","64,616",2023-07-03 08:56:50
2023-06,8호선,2818,가락시장,"157,143","178,793","62,858","64,643",2023-07-03 08:56:50
2023-06,8호선,2819,문정,"509,386","533,746","60,605","60,616",2023-07-03 08:56:50
2023-06,8호선,2820,장지,"413,166","382,092","86,096","81,132",2023-07-03 08:56:50
2023-06,8호선,2821,복정,"228,841","192,048","40,675","36,315",2023-07-03 08:56:50
2023-06,8호선,2822,산성,"123,714","121,101","33,577","36,333",2023-07-03 08:56:50
2023-06,8호선,2823,남한산성입구(성남법원.검찰청),"324,809","291,223","80,764","76,843",2023-07-03 08:56:50
2023-06,8호선,2824,단대오거리,"281,260","268,041","76,995","75,031",2023-07-03 08:56:50
2023-06,8호선,2825,신흥,"108,011","113,974","42,711","45,122",2023-07-03 08:56:50
2023-06,8호선,2826,수진,"113,207","101,287","46,347","44,958",2023-07-03 08:56:50
2023-06,8호선,2827,모란,"88,936","73,250","56,973","44,199",2023-07-03 08:56:50
2023-06,8호선,2828,남위례,"166,856","172,407","32,503","32,337",2023-07-03 08:56:50
2023-06,9호선,4101,개화,"65,824","42,547","14,570","11,936",2023-07-03 08:56:50
2023-06,9호선,4102,김포공항,"217,448","320,755","20,764","26,109",2023-07-03 08:56:50
2023-06,9호선,4103,공항시장,"62,776","65,678","24,176","26,016",2023-07-03 08:56:50
2023-06,9호선,4104,신방화,"150,017","143,718","49,095","49,539",2023-07-03 08:56:50
2023-06,9호선,4105,마곡나루(서울식물원),"334,125","329,632","35,933","35,173",2023-07-03 08:56:50
2023-06,9호선,4106,양천향교,"232,213","236,150","48,432","48,243",2023-07-03 08:56:50
2023-06,9호선,4107,가양,"498,176","481,203","138,590","134,709",2023-07-03 08:56:50
2023-06,9호선,4108,증미,"174,897","164,307","36,733","37,128",2023-07-03 08:56:50
2023-06,9호선,4109,등촌,"249,175","231,404","84,819","85,094",2023-07-03 08:56:50
2023-06,9호선,4110,염창,"436,263","418,698","76,954","75,624",2023-07-03 08:56:50
2023-06,9호선,4111,신목동,"100,588","85,257","24,664","23,119",2023-07-03 08:56:50
2023-06,9호선,4112,선유도,"212,729","199,777","30,665","30,038",2023-07-03 08:56:50
2023-06,9호선,4113,당산,"494,893","493,502","71,600","66,817",2023-07-03 08:56:50
2023-06,9호선,4114,국회의사당,"389,882","409,570","59,097","53,608",2023-07-03 08:56:50
2023-06,9호선,4115,여의도,"742,365","721,429","52,255","48,282",2023-07-03 08:56:50
2023-06,9호선,4116,샛강,"149,316","148,867","30,642","30,256",2023-07-03 08:56:50
2023-06,9호선,4117,노량진,"660,144","639,808","88,829","88,844",2023-07-03 08:56:50
2023-06,9호선,4118,노들,"111,345","89,203","34,911","31,810",2023-07-03 08:56:50
2023-06,9호선,4119,흑석(중앙대입구),"217,840","220,119","59,586","59,933",2023-07-03 08:56:50
2023-06,9호선,4120,동작(현충원),"54,815","48,040","26,751","26,767",2023-07-03 08:56:50
2023-06,9호선,4121,구반포,"21,146","21,987","9,507","9,788",2023-07-03 08:56:50
2023-06,9호선,4122,신반포,"92,554","95,829","26,057","26,410",2023-07-03 08:56:50
2023-06,9호선,4123,고속터미널,"398,959","552,994","68,817","81,440",2023-07-03 08:56:50
2023-06,9호선,4124,사평,"90,801","86,101","24,676","24,712",2023-07-03 08:56:50
2023-06,9호선,4125,신논현,"850,831","833,056","55,017","53,101",2023-07-03 08:56:50
2023-06,공항철도 1호선,4201,서울역,"354,741","316,227","35,991","32,158",2023-07-03 08:56:50
2023-06,공항철도 1호선,4202,공덕,"68,994","94,513","8,387","10,250",2023-07-03 08:56:50
2023-06,공항철도 1호선,4203,홍대입구,"392,468","385,660","19,715","18,568",2023-07-03 08:56:50
2023-06,공항철도 1호선,4204,디지털미디어시티,"362,838","338,399","28,354","26,658",2023-07-03 08:56:50
2023-06,공항철도 1호선,4206,마곡나루(서울식물원),"272,965","263,113","17,475","17,871",2023-07-03 08:56:50
2023-06,공항철도 1호선,4207,김포공항,"324,408","172,013","25,859","15,917",2023-07-03 08:56:50
2023-06,공항철도 1호선,4208,계양,"332,691","307,869","37,014","34,759",2023-07-03 08:56:50
2023-06,공항철도 1호선,4209,검암,"173,815","174,414","18,117","18,528",2023-07-03 08:56:50
2023-06,공항철도 1호선,4210,청라국제도시,"187,011","177,654","15,167","14,979",2023-07-03 08:56:50
2023-06,공항철도 1호선,4211,운서,"237,292","249,055","32,034","32,499",2023-07-03 08:56:50
2023-06,공항철도 1호선,4212,공항화물청사,"51,972","55,765","9,921","9,558",2023-07-03 08:56:50
2023-06,공항철도 1호선,4213,인천공항1터미널,"378,619","365,963","35,415","32,003",2023-07-03 08:56:50
2023-06,공항철도 1호선,4215,인천공항2터미널,"131,820","115,312","14,131","12,688",2023-07-03 08:56:50
2023-06,공항철도 1호선,4217,영종,"98,691","100,469","23,401","23,541",2023-07-03 08:56:50
2023-06,9호선2~3단계,4126,언주,"278,475","283,005","31,525","31,055",2023-07-03 08:56:50
2023-06,9호선2~3단계,4127,선정릉,"251,981","275,866","28,324","29,503",2023-07-03 08:56:50
2023-06,9호선2~3단계,4128,삼성중앙,"181,724","189,707","28,173","27,396",2023-07-03 08:56:50
2023-06,9호선2~3단계,4129,봉은사,"570,742","604,108","58,132","55,732",2023-07-03 08:56:50
2023-06,9호선2~3단계,4130,종합운동장,"127,981","128,717","24,346","22,721",2023-07-03 08:56:50
2023-06,9호선2~3단계,4131,삼전,"171,249","158,750","38,394","37,456",2023-07-03 08:56:50
2023-06,9호선2~3단계,4132,석촌고분,"155,655","149,582","40,402","40,860",2023-07-03 08:56:50
2023-06,9호선2~3단계,4133,석촌,"229,635","203,746","40,249","34,912",2023-07-03 08:56:50
2023-06,9호선2~3단계,4134,송파나루,"123,908","136,135","29,609","30,645",2023-07-03 08:56:50
2023-06,9호선2~3단계,4135,한성백제,"68,616","61,196","18,491","16,887",2023-07-03 08:56:50
2023-06,9호선2~3단계,4136,올림픽공원(한국체대),"253,949","258,064","32,308","32,247",2023-07-03 08:56:50
2023-06,9호선2~3단계,4137,둔촌오륜,"26,409","24,786","6,705","7,367",2023-07-03 08:56:50
2023-06,9호선2~3단계,4138,중앙보훈병원,"245,096","211,353","83,752","81,797",2023-07-03 08:56:50
2023-06,우이신설선,4701,북한산우이,"62,044","55,197","36,960","38,551",2023-07-03 08:56:50
2023-06,우이신설선,4702,솔밭공원,"47,325","40,810","31,216","32,493",2023-07-03 08:56:50
2023-06,우이신설선,4703,4.19민주묘지,"64,029","62,531","41,016","36,023",2023-07-03 08:56:50
2023-06,우이신설선,4704,가오리,"74,574","70,413","52,659","53,387",2023-07-03 08:56:50
2023-06,우이신설선,4705,화계,"58,993","52,227","44,754","45,633",2023-07-03 08:56:50
2023-06,우이신설선,4706,삼양,"31,261","31,301","27,893","30,733",2023-07-03 08:56:50
2023-06,우이신설선,4707,삼양사거리,"38,377","37,229","37,792","37,574",2023-07-03 08:56:50
2023-06,우이신설선,4708,솔샘,"129,742","117,262","41,451","43,500",2023-07-03 08:56:50
2023-06,우이신설선,4709,북한산보국문,"143,795","130,783","45,248","44,885",2023-07-03 08:56:50
2023-06,우이신설선,4710,정릉,"93,383","82,434","48,434","45,394",2023-07-03 08:56:50
2023-06,우이신설선,4711,성신여대입구(돈암),"70,742","85,311","30,119","29,355",2023-07-03 08:56:50
2023-06,우이신설선,4712,보문,"30,793","31,216","15,990","15,643",2023-07-03 08:56:50
2023-06,우이신설선,4713,신설동,"35,652","36,639","30,054","26,898",2023-07-03 08:56:50
2023-06,신림선,4401,샛강,"61,968","75,226","15,049","14,370",2023-07-03 08:56:50
2023-06,신림선,4402,대방,"64,385","45,726","17,078","14,018",2023-07-03 08:56:50
2023-06,신림선,4403,서울지방병무청,"61,420","63,996","23,422","25,625",2023-07-03 08:56:50
2023-06,신림선,4404,보라매,"85,063","78,141","22,864","20,068",2023-07-03 08:56:50
2023-06,신림선,4405,보라매공원,"43,682","47,401","16,855","17,779",2023-07-03 08:56:50
2023-06,신림선,4406,보라매병원,"141,254","149,822","50,339","50,181",2023-07-03 08:56:50
2023-06,신림선,4407,당곡,"93,507","89,035","36,858","35,966",2023-07-03 08:56:50
2023-06,신림선,4408,신림,"33,809","51,849","16,132","19,725",2023-07-03 08:56:50
2023-06,신림선,4409,서원,"75,516","60,509","23,924","23,630",2023-07-03 08:56:50
2023-06,신림선,4410,서울대벤처타운,"204,344","183,338","63,491","63,133",2023-07-03 08:56:50
2023-06,신림선,4411,관악산(서울대),"62,350","64,350","41,685","42,081",2023-07-03 08:56:50
